{
    "c2h2": 16.49,
    "ch4": 27.710,
    "co2": 7.3,
    "co": 3.0929144,
    "f2": 1.3021,
    "h2co": 16.1,
    "h2o": 13.26,
    "h2": 6.2310,
    "hcn": 10.0,
    "hf": 5.86353,
    "n2o": 6.770,
    "n2": 3.3618,
    "nh3": 21.200,
    "oh": 5.2915,
    "cl2": 0.7983
}
